[{"model": "admin.logentry", "pk": 1, "fields": {"action_time": "2022-10-16T16:39:59.536Z", "user": 2, "content_type": 6, "object_id": "1", "object_repr": "sreerangk77@gmail.com", "action_flag": 2, "change_message": "[{\"changed\": {\"fields\": [\"Role\"]}}]"}}, {"model": "admin.logentry", "pk": 2, "fields": {"action_time": "2022-10-16T16:42:51.636Z", "user": 2, "content_type": 6, "object_id": "1", "object_repr": "sreerangk77@gmail.com", "action_flag": 3, "change_message": ""}}, {"model": "admin.logentry", "pk": 3, "fields": {"action_time": "2022-10-16T17:00:34.873Z", "user": 2, "content_type": 8, "object_id": "2", "object_repr": "calicut restaurant", "action_flag": 2, "change_message": "[]"}}, {"model": "admin.logentry", "pk": 4, "fields": {"action_time": "2022-10-16T17:21:22.921Z", "user": 2, "content_type": 8, "object_id": "2", "object_repr": "calicut restaurant", "action_flag": 2, "change_message": "[{\"changed\": {\"fields\": [\"Is approved\"]}}]"}}, {"model": "admin.logentry", "pk": 5, "fields": {"action_time": "2022-10-16T17:22:25.390Z", "user": 2, "content_type": 8, "object_id": "1", "object_repr": "Paragon Complex", "action_flag": 2, "change_message": "[{\"changed\": {\"fields\": [\"Is approved\"]}}]"}}, {"model": "admin.logentry", "pk": 6, "fields": {"action_time": "2022-10-17T04:03:42.295Z", "user": 2, "content_type": 6, "object_id": "5", "object_repr": "muhamma@gmail.com", "action_flag": 2, "change_message": "[{\"changed\": {\"fields\": [\"Is active\"]}}]"}}, {"model": "admin.logentry", "pk": 7, "fields": {"action_time": "2022-10-17T05:17:39.011Z", "user": 2, "content_type": 7, "object_id": "4", "object_repr": "sreerangk77@gmail.com", "action_flag": 2, "change_message": "[]"}}, {"model": "admin.logentry", "pk": 8, "fields": {"action_time": "2022-10-17T05:21:29.455Z", "user": 2, "content_type": 7, "object_id": "4", "object_repr": "sreerangk77@gmail.com", "action_flag": 2, "change_message": "[]"}}, {"model": "admin.logentry", "pk": 9, "fields": {"action_time": "2022-10-17T06:50:20.014Z", "user": 2, "content_type": 6, "object_id": "8", "object_repr": "bcd@gmail.com", "action_flag": 2, "change_message": "[{\"changed\": {\"fields\": [\"Is active\"]}}]"}}, {"model": "admin.logentry", "pk": 10, "fields": {"action_time": "2022-10-17T06:50:27.528Z", "user": 2, "content_type": 6, "object_id": "7", "object_repr": "aabcd@gmail.com", "action_flag": 2, "change_message": "[{\"changed\": {\"fields\": [\"Is active\"]}}]"}}, {"model": "admin.logentry", "pk": 11, "fields": {"action_time": "2022-10-17T06:50:35.062Z", "user": 2, "content_type": 6, "object_id": "6", "object_repr": "abcd@gmail.com", "action_flag": 2, "change_message": "[{\"changed\": {\"fields\": [\"Is active\"]}}]"}}, {"model": "admin.logentry", "pk": 12, "fields": {"action_time": "2022-10-17T06:51:35.210Z", "user": 2, "content_type": 6, "object_id": "7", "object_repr": "aabcd@gmail.com", "action_flag": 2, "change_message": "[]"}}, {"model": "admin.logentry", "pk": 13, "fields": {"action_time": "2022-10-17T06:53:19.950Z", "user": 2, "content_type": 6, "object_id": "8", "object_repr": "bcd@gmail.com", "action_flag": 3, "change_message": ""}}, {"model": "admin.logentry", "pk": 14, "fields": {"action_time": "2022-10-17T06:53:19.953Z", "user": 2, "content_type": 6, "object_id": "7", "object_repr": "aabcd@gmail.com", "action_flag": 3, "change_message": ""}}, {"model": "admin.logentry", "pk": 15, "fields": {"action_time": "2022-10-17T06:53:19.955Z", "user": 2, "content_type": 6, "object_id": "6", "object_repr": "abcd@gmail.com", "action_flag": 3, "change_message": ""}}, {"model": "admin.logentry", "pk": 16, "fields": {"action_time": "2022-10-17T08:24:48.148Z", "user": 2, "content_type": 6, "object_id": "9", "object_repr": "abcd@gmail.com", "action_flag": 2, "change_message": "[{\"changed\": {\"fields\": [\"Is active\"]}}]"}}, {"model": "admin.logentry", "pk": 17, "fields": {"action_time": "2022-10-17T08:24:57.781Z", "user": 2, "content_type": 6, "object_id": "9", "object_repr": "abcd@gmail.com", "action_flag": 2, "change_message": "[]"}}, {"model": "admin.logentry", "pk": 18, "fields": {"action_time": "2022-10-17T08:25:33.283Z", "user": 2, "content_type": 6, "object_id": "9", "object_repr": "abcd@gmail.com", "action_flag": 3, "change_message": ""}}, {"model": "admin.logentry", "pk": 19, "fields": {"action_time": "2022-10-17T08:26:42.475Z", "user": 2, "content_type": 6, "object_id": "10", "object_repr": "abdcd@gmail.com", "action_flag": 2, "change_message": "[{\"changed\": {\"fields\": [\"Is active\"]}}]"}}, {"model": "admin.logentry", "pk": 20, "fields": {"action_time": "2022-10-17T08:26:58.466Z", "user": 2, "content_type": 8, "object_id": "4", "object_repr": "Paragon Complex", "action_flag": 2, "change_message": "[{\"changed\": {\"fields\": [\"Is approved\"]}}]"}}, {"model": "admin.logentry", "pk": 21, "fields": {"action_time": "2022-10-17T11:48:20.932Z", "user": 2, "content_type": 13, "object_id": "1", "object_repr": "SGST", "action_flag": 1, "change_message": "[{\"added\": {}}]"}}, {"model": "admin.logentry", "pk": 22, "fields": {"action_time": "2022-10-17T11:48:33.857Z", "user": 2, "content_type": 13, "object_id": "2", "object_repr": "CGST", "action_flag": 1, "change_message": "[{\"added\": {}}]"}}, {"model": "admin.logentry", "pk": 23, "fields": {"action_time": "2022-10-17T11:53:23.711Z", "user": 2, "content_type": 14, "object_id": "2", "object_repr": "Order object (2)", "action_flag": 2, "change_message": "[{\"changed\": {\"fields\": [\"Is ordered\"]}}]"}}, {"model": "admin.logentry", "pk": 24, "fields": {"action_time": "2022-10-17T11:53:42.525Z", "user": 2, "content_type": 14, "object_id": "2", "object_repr": "Order object (2)", "action_flag": 2, "change_message": "[]"}}, {"model": "admin.logentry", "pk": 25, "fields": {"action_time": "2022-10-18T03:31:31.773Z", "user": 2, "content_type": 14, "object_id": "5", "object_repr": "Order object (5)", "action_flag": 2, "change_message": "[]"}}, {"model": "admin.logentry", "pk": 26, "fields": {"action_time": "2022-10-18T04:58:01.066Z", "user": 2, "content_type": 14, "object_id": "9", "object_repr": "Order object (9)", "action_flag": 3, "change_message": ""}}, {"model": "admin.logentry", "pk": 27, "fields": {"action_time": "2022-10-18T04:58:01.068Z", "user": 2, "content_type": 14, "object_id": "8", "object_repr": "Order object (8)", "action_flag": 3, "change_message": ""}}, {"model": "admin.logentry", "pk": 28, "fields": {"action_time": "2022-10-18T04:58:01.070Z", "user": 2, "content_type": 14, "object_id": "7", "object_repr": "Order object (7)", "action_flag": 3, "change_message": ""}}, {"model": "admin.logentry", "pk": 29, "fields": {"action_time": "2022-10-18T04:58:01.072Z", "user": 2, "content_type": 14, "object_id": "6", "object_repr": "Order object (6)", "action_flag": 3, "change_message": ""}}, {"model": "admin.logentry", "pk": 30, "fields": {"action_time": "2022-10-18T04:58:01.073Z", "user": 2, "content_type": 14, "object_id": "5", "object_repr": "Order object (5)", "action_flag": 3, "change_message": ""}}, {"model": "admin.logentry", "pk": 31, "fields": {"action_time": "2022-10-18T04:58:01.075Z", "user": 2, "content_type": 14, "object_id": "4", "object_repr": "Order object (4)", "action_flag": 3, "change_message": ""}}, {"model": "admin.logentry", "pk": 32, "fields": {"action_time": "2022-10-18T04:58:01.077Z", "user": 2, "content_type": 14, "object_id": "3", "object_repr": "Order object (3)", "action_flag": 3, "change_message": ""}}, {"model": "admin.logentry", "pk": 33, "fields": {"action_time": "2022-10-18T04:58:01.078Z", "user": 2, "content_type": 14, "object_id": "2", "object_repr": "Order object (2)", "action_flag": 3, "change_message": ""}}, {"model": "admin.logentry", "pk": 34, "fields": {"action_time": "2022-10-18T04:58:01.079Z", "user": 2, "content_type": 14, "object_id": "1", "object_repr": "Order object (1)", "action_flag": 3, "change_message": ""}}, {"model": "admin.logentry", "pk": 35, "fields": {"action_time": "2022-10-18T06:44:33.909Z", "user": 2, "content_type": 14, "object_id": "23", "object_repr": "2022101811521523", "action_flag": 3, "change_message": ""}}, {"model": "admin.logentry", "pk": 36, "fields": {"action_time": "2022-10-18T06:44:33.949Z", "user": 2, "content_type": 14, "object_id": "22", "object_repr": "2022101811462022", "action_flag": 3, "change_message": ""}}, {"model": "admin.logentry", "pk": 37, "fields": {"action_time": "2022-10-18T06:44:33.949Z", "user": 2, "content_type": 14, "object_id": "21", "object_repr": "2022101811440021", "action_flag": 3, "change_message": ""}}, {"model": "admin.logentry", "pk": 38, "fields": {"action_time": "2022-10-18T06:44:33.957Z", "user": 2, "content_type": 14, "object_id": "20", "object_repr": "2022101811410720", "action_flag": 3, "change_message": ""}}, {"model": "admin.logentry", "pk": 39, "fields": {"action_time": "2022-10-18T06:44:33.957Z", "user": 2, "content_type": 14, "object_id": "19", "object_repr": "2022101811270519", "action_flag": 3, "change_message": ""}}, {"model": "admin.logentry", "pk": 40, "fields": {"action_time": "2022-10-18T06:44:33.957Z", "user": 2, "content_type": 14, "object_id": "18", "object_repr": "2022101811114018", "action_flag": 3, "change_message": ""}}, {"model": "admin.logentry", "pk": 41, "fields": {"action_time": "2022-10-18T06:44:33.965Z", "user": 2, "content_type": 14, "object_id": "17", "object_repr": "2022101811111117", "action_flag": 3, "change_message": ""}}, {"model": "admin.logentry", "pk": 42, "fields": {"action_time": "2022-10-18T06:44:33.965Z", "user": 2, "content_type": 14, "object_id": "16", "object_repr": "2022101811035516", "action_flag": 3, "change_message": ""}}, {"model": "admin.logentry", "pk": 43, "fields": {"action_time": "2022-10-18T06:44:33.965Z", "user": 2, "content_type": 14, "object_id": "15", "object_repr": "2022101811033015", "action_flag": 3, "change_message": ""}}, {"model": "admin.logentry", "pk": 44, "fields": {"action_time": "2022-10-18T06:44:33.965Z", "user": 2, "content_type": 14, "object_id": "14", "object_repr": "2022101810555914", "action_flag": 3, "change_message": ""}}, {"model": "admin.logentry", "pk": 45, "fields": {"action_time": "2022-10-18T06:44:33.965Z", "user": 2, "content_type": 14, "object_id": "13", "object_repr": "2022101810513213", "action_flag": 3, "change_message": ""}}, {"model": "admin.logentry", "pk": 46, "fields": {"action_time": "2022-10-18T06:44:33.973Z", "user": 2, "content_type": 14, "object_id": "12", "object_repr": "2022101810505612", "action_flag": 3, "change_message": ""}}, {"model": "admin.logentry", "pk": 47, "fields": {"action_time": "2022-10-18T06:44:33.973Z", "user": 2, "content_type": 14, "object_id": "11", "object_repr": "2022101810391311", "action_flag": 3, "change_message": ""}}, {"model": "admin.logentry", "pk": 48, "fields": {"action_time": "2022-10-18T06:44:33.973Z", "user": 2, "content_type": 14, "object_id": "10", "object_repr": "2022101810281310", "action_flag": 3, "change_message": ""}}, {"model": "admin.logentry", "pk": 49, "fields": {"action_time": "2022-10-18T12:48:27.432Z", "user": 2, "content_type": 14, "object_id": "68", "object_repr": "2022101818124968", "action_flag": 3, "change_message": ""}}, {"model": "admin.logentry", "pk": 50, "fields": {"action_time": "2022-10-18T12:48:27.505Z", "user": 2, "content_type": 14, "object_id": "67", "object_repr": "2022101818114667", "action_flag": 3, "change_message": ""}}, {"model": "admin.logentry", "pk": 51, "fields": {"action_time": "2022-10-18T12:48:27.508Z", "user": 2, "content_type": 14, "object_id": "66", "object_repr": "2022101817463566", "action_flag": 3, "change_message": ""}}, {"model": "admin.logentry", "pk": 52, "fields": {"action_time": "2022-10-18T12:48:27.511Z", "user": 2, "content_type": 14, "object_id": "65", "object_repr": "2022101817285565", "action_flag": 3, "change_message": ""}}, {"model": "admin.logentry", "pk": 53, "fields": {"action_time": "2022-10-18T12:48:27.514Z", "user": 2, "content_type": 14, "object_id": "64", "object_repr": "2022101817200264", "action_flag": 3, "change_message": ""}}, {"model": "admin.logentry", "pk": 54, "fields": {"action_time": "2022-10-18T12:48:27.518Z", "user": 2, "content_type": 14, "object_id": "63", "object_repr": "2022101816543163", "action_flag": 3, "change_message": ""}}, {"model": "admin.logentry", "pk": 55, "fields": {"action_time": "2022-10-18T12:48:27.520Z", "user": 2, "content_type": 14, "object_id": "62", "object_repr": "2022101816541062", "action_flag": 3, "change_message": ""}}, {"model": "admin.logentry", "pk": 56, "fields": {"action_time": "2022-10-18T12:48:27.523Z", "user": 2, "content_type": 14, "object_id": "61", "object_repr": "2022101816530661", "action_flag": 3, "change_message": ""}}, {"model": "admin.logentry", "pk": 57, "fields": {"action_time": "2022-10-18T12:48:27.525Z", "user": 2, "content_type": 14, "object_id": "60", "object_repr": "2022101816402560", "action_flag": 3, "change_message": ""}}, {"model": "admin.logentry", "pk": 58, "fields": {"action_time": "2022-10-18T12:48:27.528Z", "user": 2, "content_type": 14, "object_id": "59", "object_repr": "2022101816385759", "action_flag": 3, "change_message": ""}}, {"model": "admin.logentry", "pk": 59, "fields": {"action_time": "2022-10-18T12:48:27.531Z", "user": 2, "content_type": 14, "object_id": "58", "object_repr": "2022101816384358", "action_flag": 3, "change_message": ""}}, {"model": "admin.logentry", "pk": 60, "fields": {"action_time": "2022-10-18T12:48:27.533Z", "user": 2, "content_type": 14, "object_id": "57", "object_repr": "2022101816360657", "action_flag": 3, "change_message": ""}}, {"model": "admin.logentry", "pk": 61, "fields": {"action_time": "2022-10-18T12:48:27.535Z", "user": 2, "content_type": 14, "object_id": "56", "object_repr": "2022101816181756", "action_flag": 3, "change_message": ""}}, {"model": "admin.logentry", "pk": 62, "fields": {"action_time": "2022-10-18T12:48:27.537Z", "user": 2, "content_type": 14, "object_id": "55", "object_repr": "2022101816170555", "action_flag": 3, "change_message": ""}}, {"model": "admin.logentry", "pk": 63, "fields": {"action_time": "2022-10-18T12:48:27.539Z", "user": 2, "content_type": 14, "object_id": "54", "object_repr": "2022101816064254", "action_flag": 3, "change_message": ""}}, {"model": "admin.logentry", "pk": 64, "fields": {"action_time": "2022-10-18T12:48:27.540Z", "user": 2, "content_type": 14, "object_id": "53", "object_repr": "2022101816050553", "action_flag": 3, "change_message": ""}}, {"model": "admin.logentry", "pk": 65, "fields": {"action_time": "2022-10-18T12:48:27.542Z", "user": 2, "content_type": 14, "object_id": "52", "object_repr": "2022101816044452", "action_flag": 3, "change_message": ""}}, {"model": "admin.logentry", "pk": 66, "fields": {"action_time": "2022-10-18T12:48:27.544Z", "user": 2, "content_type": 14, "object_id": "51", "object_repr": "2022101816024551", "action_flag": 3, "change_message": ""}}, {"model": "admin.logentry", "pk": 67, "fields": {"action_time": "2022-10-18T12:48:27.546Z", "user": 2, "content_type": 14, "object_id": "50", "object_repr": "2022101816014250", "action_flag": 3, "change_message": ""}}, {"model": "admin.logentry", "pk": 68, "fields": {"action_time": "2022-10-18T12:48:27.547Z", "user": 2, "content_type": 14, "object_id": "49", "object_repr": "2022101816013549", "action_flag": 3, "change_message": ""}}, {"model": "admin.logentry", "pk": 69, "fields": {"action_time": "2022-10-18T12:48:27.549Z", "user": 2, "content_type": 14, "object_id": "48", "object_repr": "2022101816002548", "action_flag": 3, "change_message": ""}}, {"model": "admin.logentry", "pk": 70, "fields": {"action_time": "2022-10-18T12:48:27.550Z", "user": 2, "content_type": 14, "object_id": "47", "object_repr": "2022101816001847", "action_flag": 3, "change_message": ""}}, {"model": "admin.logentry", "pk": 71, "fields": {"action_time": "2022-10-18T12:48:27.552Z", "user": 2, "content_type": 14, "object_id": "46", "object_repr": "2022101814323346", "action_flag": 3, "change_message": ""}}, {"model": "admin.logentry", "pk": 72, "fields": {"action_time": "2022-10-18T12:48:27.553Z", "user": 2, "content_type": 14, "object_id": "45", "object_repr": "2022101814125545", "action_flag": 3, "change_message": ""}}, {"model": "admin.logentry", "pk": 73, "fields": {"action_time": "2022-10-18T12:48:27.555Z", "user": 2, "content_type": 14, "object_id": "44", "object_repr": "2022101814121644", "action_flag": 3, "change_message": ""}}, {"model": "admin.logentry", "pk": 74, "fields": {"action_time": "2022-10-18T12:48:27.556Z", "user": 2, "content_type": 14, "object_id": "43", "object_repr": "2022101814095743", "action_flag": 3, "change_message": ""}}, {"model": "admin.logentry", "pk": 75, "fields": {"action_time": "2022-10-18T12:48:27.558Z", "user": 2, "content_type": 14, "object_id": "42", "object_repr": "2022101814073842", "action_flag": 3, "change_message": ""}}, {"model": "admin.logentry", "pk": 76, "fields": {"action_time": "2022-10-18T12:48:27.559Z", "user": 2, "content_type": 14, "object_id": "41", "object_repr": "2022101814045341", "action_flag": 3, "change_message": ""}}, {"model": "admin.logentry", "pk": 77, "fields": {"action_time": "2022-10-18T12:48:27.560Z", "user": 2, "content_type": 14, "object_id": "40", "object_repr": "2022101814031240", "action_flag": 3, "change_message": ""}}, {"model": "admin.logentry", "pk": 78, "fields": {"action_time": "2022-10-18T12:48:27.562Z", "user": 2, "content_type": 14, "object_id": "39", "object_repr": "2022101814014139", "action_flag": 3, "change_message": ""}}, {"model": "admin.logentry", "pk": 79, "fields": {"action_time": "2022-10-18T12:48:27.563Z", "user": 2, "content_type": 14, "object_id": "38", "object_repr": "2022101813583438", "action_flag": 3, "change_message": ""}}, {"model": "admin.logentry", "pk": 80, "fields": {"action_time": "2022-10-18T12:48:27.565Z", "user": 2, "content_type": 14, "object_id": "37", "object_repr": "2022101813583137", "action_flag": 3, "change_message": ""}}, {"model": "admin.logentry", "pk": 81, "fields": {"action_time": "2022-10-18T12:48:27.566Z", "user": 2, "content_type": 14, "object_id": "36", "object_repr": "2022101813542136", "action_flag": 3, "change_message": ""}}, {"model": "admin.logentry", "pk": 82, "fields": {"action_time": "2022-10-18T12:48:27.567Z", "user": 2, "content_type": 14, "object_id": "35", "object_repr": "2022101813514535", "action_flag": 3, "change_message": ""}}, {"model": "admin.logentry", "pk": 83, "fields": {"action_time": "2022-10-18T12:48:27.568Z", "user": 2, "content_type": 14, "object_id": "34", "object_repr": "2022101813475134", "action_flag": 3, "change_message": ""}}, {"model": "admin.logentry", "pk": 84, "fields": {"action_time": "2022-10-18T12:48:27.570Z", "user": 2, "content_type": 14, "object_id": "33", "object_repr": "2022101813461033", "action_flag": 3, "change_message": ""}}, {"model": "admin.logentry", "pk": 85, "fields": {"action_time": "2022-10-18T12:48:27.572Z", "user": 2, "content_type": 14, "object_id": "32", "object_repr": "2022101813400232", "action_flag": 3, "change_message": ""}}, {"model": "admin.logentry", "pk": 86, "fields": {"action_time": "2022-10-18T12:48:27.574Z", "user": 2, "content_type": 14, "object_id": "31", "object_repr": "2022101813375631", "action_flag": 3, "change_message": ""}}, {"model": "admin.logentry", "pk": 87, "fields": {"action_time": "2022-10-18T12:48:27.575Z", "user": 2, "content_type": 14, "object_id": "30", "object_repr": "2022101812394030", "action_flag": 3, "change_message": ""}}, {"model": "admin.logentry", "pk": 88, "fields": {"action_time": "2022-10-18T12:48:27.577Z", "user": 2, "content_type": 14, "object_id": "29", "object_repr": "2022101812345829", "action_flag": 3, "change_message": ""}}, {"model": "admin.logentry", "pk": 89, "fields": {"action_time": "2022-10-18T12:48:27.578Z", "user": 2, "content_type": 14, "object_id": "28", "object_repr": "2022101812335028", "action_flag": 3, "change_message": ""}}, {"model": "admin.logentry", "pk": 90, "fields": {"action_time": "2022-10-18T12:48:27.579Z", "user": 2, "content_type": 14, "object_id": "27", "object_repr": "2022101812325827", "action_flag": 3, "change_message": ""}}, {"model": "admin.logentry", "pk": 91, "fields": {"action_time": "2022-10-18T12:48:27.582Z", "user": 2, "content_type": 14, "object_id": "26", "object_repr": "2022101812324726", "action_flag": 3, "change_message": ""}}, {"model": "admin.logentry", "pk": 92, "fields": {"action_time": "2022-10-18T12:48:27.583Z", "user": 2, "content_type": 14, "object_id": "25", "object_repr": "2022101812181425", "action_flag": 3, "change_message": ""}}, {"model": "admin.logentry", "pk": 93, "fields": {"action_time": "2022-10-18T12:48:27.585Z", "user": 2, "content_type": 14, "object_id": "24", "object_repr": "2022101812153024", "action_flag": 3, "change_message": ""}}, {"model": "admin.logentry", "pk": 94, "fields": {"action_time": "2022-10-18T15:25:32.264Z", "user": 2, "content_type": 14, "object_id": "93", "object_repr": "2022101820542693", "action_flag": 3, "change_message": ""}}, {"model": "admin.logentry", "pk": 95, "fields": {"action_time": "2022-10-18T15:25:32.494Z", "user": 2, "content_type": 14, "object_id": "92", "object_repr": "2022101820541892", "action_flag": 3, "change_message": ""}}, {"model": "admin.logentry", "pk": 96, "fields": {"action_time": "2022-10-18T15:25:32.495Z", "user": 2, "content_type": 14, "object_id": "91", "object_repr": "2022101820512891", "action_flag": 3, "change_message": ""}}, {"model": "admin.logentry", "pk": 97, "fields": {"action_time": "2022-10-18T15:25:32.497Z", "user": 2, "content_type": 14, "object_id": "90", "object_repr": "2022101820485090", "action_flag": 3, "change_message": ""}}, {"model": "admin.logentry", "pk": 98, "fields": {"action_time": "2022-10-18T15:25:32.499Z", "user": 2, "content_type": 14, "object_id": "89", "object_repr": "2022101820483489", "action_flag": 3, "change_message": ""}}, {"model": "admin.logentry", "pk": 99, "fields": {"action_time": "2022-10-18T15:25:32.500Z", "user": 2, "content_type": 14, "object_id": "88", "object_repr": "2022101820464888", "action_flag": 3, "change_message": ""}}, {"model": "admin.logentry", "pk": 100, "fields": {"action_time": "2022-10-18T15:25:32.502Z", "user": 2, "content_type": 14, "object_id": "87", "object_repr": "2022101820451087", "action_flag": 3, "change_message": ""}}, {"model": "admin.logentry", "pk": 101, "fields": {"action_time": "2022-10-18T15:25:32.503Z", "user": 2, "content_type": 14, "object_id": "86", "object_repr": "2022101820362586", "action_flag": 3, "change_message": ""}}, {"model": "admin.logentry", "pk": 102, "fields": {"action_time": "2022-10-18T15:25:32.554Z", "user": 2, "content_type": 14, "object_id": "85", "object_repr": "2022101820354685", "action_flag": 3, "change_message": ""}}, {"model": "admin.logentry", "pk": 103, "fields": {"action_time": "2022-10-18T15:25:32.555Z", "user": 2, "content_type": 14, "object_id": "84", "object_repr": "2022101820334884", "action_flag": 3, "change_message": ""}}, {"model": "admin.logentry", "pk": 104, "fields": {"action_time": "2022-10-18T15:25:32.583Z", "user": 2, "content_type": 14, "object_id": "83", "object_repr": "2022101820291183", "action_flag": 3, "change_message": ""}}, {"model": "admin.logentry", "pk": 105, "fields": {"action_time": "2022-10-18T15:25:32.585Z", "user": 2, "content_type": 14, "object_id": "82", "object_repr": "2022101820271582", "action_flag": 3, "change_message": ""}}, {"model": "admin.logentry", "pk": 106, "fields": {"action_time": "2022-10-18T15:25:32.587Z", "user": 2, "content_type": 14, "object_id": "81", "object_repr": "2022101820240881", "action_flag": 3, "change_message": ""}}, {"model": "admin.logentry", "pk": 107, "fields": {"action_time": "2022-10-18T15:25:32.589Z", "user": 2, "content_type": 14, "object_id": "80", "object_repr": "2022101820184980", "action_flag": 3, "change_message": ""}}, {"model": "admin.logentry", "pk": 108, "fields": {"action_time": "2022-10-18T15:25:32.590Z", "user": 2, "content_type": 14, "object_id": "79", "object_repr": "2022101820183379", "action_flag": 3, "change_message": ""}}, {"model": "admin.logentry", "pk": 109, "fields": {"action_time": "2022-10-18T15:25:32.603Z", "user": 2, "content_type": 14, "object_id": "78", "object_repr": "2022101820125878", "action_flag": 3, "change_message": ""}}, {"model": "admin.logentry", "pk": 110, "fields": {"action_time": "2022-10-18T15:25:32.606Z", "user": 2, "content_type": 14, "object_id": "77", "object_repr": "2022101820120877", "action_flag": 3, "change_message": ""}}, {"model": "admin.logentry", "pk": 111, "fields": {"action_time": "2022-10-18T15:25:32.608Z", "user": 2, "content_type": 14, "object_id": "76", "object_repr": "2022101820101876", "action_flag": 3, "change_message": ""}}, {"model": "admin.logentry", "pk": 112, "fields": {"action_time": "2022-10-18T15:25:32.610Z", "user": 2, "content_type": 14, "object_id": "75", "object_repr": "2022101820085775", "action_flag": 3, "change_message": ""}}, {"model": "admin.logentry", "pk": 113, "fields": {"action_time": "2022-10-18T15:25:32.612Z", "user": 2, "content_type": 14, "object_id": "74", "object_repr": "2022101820070674", "action_flag": 3, "change_message": ""}}, {"model": "admin.logentry", "pk": 114, "fields": {"action_time": "2022-10-18T15:25:32.614Z", "user": 2, "content_type": 14, "object_id": "73", "object_repr": "2022101820044273", "action_flag": 3, "change_message": ""}}, {"model": "admin.logentry", "pk": 115, "fields": {"action_time": "2022-10-18T15:25:32.616Z", "user": 2, "content_type": 14, "object_id": "72", "object_repr": "2022101819521872", "action_flag": 3, "change_message": ""}}, {"model": "admin.logentry", "pk": 116, "fields": {"action_time": "2022-10-18T15:25:32.618Z", "user": 2, "content_type": 14, "object_id": "71", "object_repr": "2022101819464171", "action_flag": 3, "change_message": ""}}, {"model": "admin.logentry", "pk": 117, "fields": {"action_time": "2022-10-18T15:25:32.620Z", "user": 2, "content_type": 14, "object_id": "70", "object_repr": "2022101819154770", "action_flag": 3, "change_message": ""}}, {"model": "admin.logentry", "pk": 118, "fields": {"action_time": "2022-10-18T15:25:32.622Z", "user": 2, "content_type": 14, "object_id": "69", "object_repr": "2022101819145969", "action_flag": 3, "change_message": ""}}, {"model": "admin.logentry", "pk": 119, "fields": {"action_time": "2022-10-20T07:12:23.543Z", "user": 2, "content_type": 13, "object_id": "4", "object_repr": "shj", "action_flag": 3, "change_message": ""}}, {"model": "admin.logentry", "pk": 120, "fields": {"action_time": "2022-10-20T07:12:23.792Z", "user": 2, "content_type": 13, "object_id": "3", "object_repr": "ewq", "action_flag": 3, "change_message": ""}}, {"model": "admin.logentry", "pk": 121, "fields": {"action_time": "2022-10-20T07:13:36.307Z", "user": 2, "content_type": 13, "object_id": "7", "object_repr": "shj", "action_flag": 3, "change_message": ""}}, {"model": "admin.logentry", "pk": 122, "fields": {"action_time": "2022-10-20T07:13:36.315Z", "user": 2, "content_type": 13, "object_id": "5", "object_repr": "qq", "action_flag": 3, "change_message": ""}}, {"model": "admin.logentry", "pk": 123, "fields": {"action_time": "2022-10-20T08:01:25.419Z", "user": 2, "content_type": 13, "object_id": "17", "object_repr": "sdf", "action_flag": 3, "change_message": ""}}, {"model": "admin.logentry", "pk": 124, "fields": {"action_time": "2022-10-20T08:01:25.427Z", "user": 2, "content_type": 13, "object_id": "15", "object_repr": "fgdsf", "action_flag": 3, "change_message": ""}}, {"model": "admin.logentry", "pk": 125, "fields": {"action_time": "2022-10-20T08:01:25.427Z", "user": 2, "content_type": 13, "object_id": "14", "object_repr": "ddsf", "action_flag": 3, "change_message": ""}}, {"model": "admin.logentry", "pk": 126, "fields": {"action_time": "2022-10-20T08:01:25.427Z", "user": 2, "content_type": 13, "object_id": "12", "object_repr": "wwb", "action_flag": 3, "change_message": ""}}, {"model": "admin.logentry", "pk": 127, "fields": {"action_time": "2022-10-20T08:01:25.427Z", "user": 2, "content_type": 13, "object_id": "11", "object_repr": "ww", "action_flag": 3, "change_message": ""}}, {"model": "admin.logentry", "pk": 128, "fields": {"action_time": "2022-10-20T08:01:52.155Z", "user": 2, "content_type": 13, "object_id": "9", "object_repr": "sree", "action_flag": 3, "change_message": ""}}, {"model": "admin.logentry", "pk": 129, "fields": {"action_time": "2022-10-20T08:10:14.109Z", "user": 2, "content_type": 13, "object_id": "20", "object_repr": "sree", "action_flag": 3, "change_message": ""}}, {"model": "admin.logentry", "pk": 130, "fields": {"action_time": "2022-10-20T08:10:14.117Z", "user": 2, "content_type": 13, "object_id": "18", "object_repr": "wwb", "action_flag": 3, "change_message": ""}}, {"model": "admin.logentry", "pk": 131, "fields": {"action_time": "2022-10-20T09:01:37.352Z", "user": 2, "content_type": 13, "object_id": "29", "object_repr": "qe", "action_flag": 3, "change_message": ""}}, {"model": "admin.logentry", "pk": 132, "fields": {"action_time": "2022-10-20T09:01:37.505Z", "user": 2, "content_type": 13, "object_id": "28", "object_repr": "q", "action_flag": 3, "change_message": ""}}, {"model": "admin.logentry", "pk": 133, "fields": {"action_time": "2022-10-20T09:01:37.506Z", "user": 2, "content_type": 13, "object_id": "27", "object_repr": "d", "action_flag": 3, "change_message": ""}}, {"model": "admin.logentry", "pk": 134, "fields": {"action_time": "2022-10-20T09:01:37.507Z", "user": 2, "content_type": 13, "object_id": "26", "object_repr": "fftrg", "action_flag": 3, "change_message": ""}}, {"model": "admin.logentry", "pk": 135, "fields": {"action_time": "2022-10-20T09:01:37.509Z", "user": 2, "content_type": 13, "object_id": "24", "object_repr": "fftr", "action_flag": 3, "change_message": ""}}, {"model": "admin.logentry", "pk": 136, "fields": {"action_time": "2022-10-20T09:01:37.511Z", "user": 2, "content_type": 13, "object_id": "22", "object_repr": "ff", "action_flag": 3, "change_message": ""}}, {"model": "admin.logentry", "pk": 137, "fields": {"action_time": "2022-10-21T15:15:44.237Z", "user": 2, "content_type": 6, "object_id": "11", "object_repr": "shareef@gmail.com", "action_flag": 2, "change_message": "[{\"changed\": {\"fields\": [\"Is active\"]}}]"}}, {"model": "admin.logentry", "pk": 138, "fields": {"action_time": "2022-10-22T14:10:28.139Z", "user": 2, "content_type": 14, "object_id": "164", "object_repr": "20221022193109164", "action_flag": 2, "change_message": "[{\"changed\": {\"fields\": [\"Status\"]}}]"}}, {"model": "admin.logentry", "pk": 139, "fields": {"action_time": "2022-10-23T10:25:03.298Z", "user": 2, "content_type": 14, "object_id": "213", "object_repr": "20221023141501213", "action_flag": 2, "change_message": "[{\"changed\": {\"fields\": [\"Status\"]}}]"}}, {"model": "admin.logentry", "pk": 140, "fields": {"action_time": "2022-10-23T10:26:18.443Z", "user": 2, "content_type": 14, "object_id": "200", "object_repr": "20221023133841200", "action_flag": 2, "change_message": "[{\"changed\": {\"fields\": [\"Status\"]}}]"}}, {"model": "admin.logentry", "pk": 141, "fields": {"action_time": "2022-10-23T16:17:14.053Z", "user": 2, "content_type": 10, "object_id": "7", "object_repr": "Alfam", "action_flag": 2, "change_message": "[{\"changed\": {\"fields\": [\"Description\"]}}]"}}, {"model": "admin.logentry", "pk": 142, "fields": {"action_time": "2022-10-23T16:17:31.518Z", "user": 2, "content_type": 11, "object_id": "7", "object_repr": "Arabian Alfarm", "action_flag": 2, "change_message": "[{\"changed\": {\"fields\": [\"Description\"]}}]"}}, {"model": "admin.logentry", "pk": 143, "fields": {"action_time": "2022-10-23T16:18:18.596Z", "user": 2, "content_type": 11, "object_id": "8", "object_repr": "chiken. Biriyani", "action_flag": 2, "change_message": "[{\"changed\": {\"fields\": [\"Description\"]}}]"}}, {"model": "admin.logentry", "pk": 144, "fields": {"action_time": "2022-10-25T04:04:34.536Z", "user": 2, "content_type": 14, "object_id": "217", "object_repr": "20221025091735217", "action_flag": 2, "change_message": "[{\"changed\": {\"fields\": [\"Status\"]}}]"}}, {"model": "admin.logentry", "pk": 145, "fields": {"action_time": "2022-10-25T06:03:58.771Z", "user": 2, "content_type": 14, "object_id": "217", "object_repr": "20221025091735217", "action_flag": 2, "change_message": "[{\"changed\": {\"fields\": [\"Vendors\", \"Status\"]}}]"}}, {"model": "admin.logentry", "pk": 146, "fields": {"action_time": "2022-10-25T12:42:00.452Z", "user": 2, "content_type": 14, "object_id": "217", "object_repr": "20221025091735217", "action_flag": 2, "change_message": "[{\"changed\": {\"fields\": [\"Phone\"]}}]"}}, {"model": "admin.logentry", "pk": 147, "fields": {"action_time": "2022-11-01T05:39:01.150Z", "user": 2, "content_type": 8, "object_id": "7", "object_repr": "kannur restaurant", "action_flag": 2, "change_message": "[{\"changed\": {\"fields\": [\"No of likes\"]}}]"}}, {"model": "admin.logentry", "pk": 148, "fields": {"action_time": "2022-11-01T05:51:43.492Z", "user": 2, "content_type": 8, "object_id": "2", "object_repr": "calicut restaurant", "action_flag": 2, "change_message": "[{\"changed\": {\"fields\": [\"No of likes\"]}}]"}}, {"model": "admin.logentry", "pk": 149, "fields": {"action_time": "2022-11-01T06:01:30.962Z", "user": 2, "content_type": 18, "object_id": "1", "object_repr": "sdfgdsg", "action_flag": 1, "change_message": "[{\"added\": {}}]"}}, {"model": "admin.logentry", "pk": 150, "fields": {"action_time": "2022-11-01T15:37:15.650Z", "user": 2, "content_type": 19, "object_id": "1", "object_repr": "Paragon Complex", "action_flag": 1, "change_message": "[{\"added\": {}}]"}}, {"model": "admin.logentry", "pk": 151, "fields": {"action_time": "2022-11-04T06:39:56.850Z", "user": 2, "content_type": 20, "object_id": "1", "object_repr": "1", "action_flag": 2, "change_message": "[{\"changed\": {\"fields\": [\"Accepted\"]}}]"}}, {"model": "admin.logentry", "pk": 152, "fields": {"action_time": "2022-11-04T06:49:51.651Z", "user": 2, "content_type": 20, "object_id": "2", "object_repr": "2", "action_flag": 2, "change_message": "[{\"changed\": {\"fields\": [\"Accepted\"]}}]"}}, {"model": "admin.logentry", "pk": 153, "fields": {"action_time": "2022-11-04T06:53:47.249Z", "user": 2, "content_type": 20, "object_id": "3", "object_repr": "3", "action_flag": 2, "change_message": "[{\"changed\": {\"fields\": [\"Accepted\"]}}]"}}, {"model": "admin.logentry", "pk": 154, "fields": {"action_time": "2022-11-04T14:57:56.776Z", "user": 2, "content_type": 20, "object_id": "4", "object_repr": "4", "action_flag": 2, "change_message": "[{\"changed\": {\"fields\": [\"Accepted\"]}}]"}}, {"model": "auth.permission", "pk": 1, "fields": {"name": "Can add log entry", "content_type": 1, "codename": "add_logentry"}}, {"model": "auth.permission", "pk": 2, "fields": {"name": "Can change log entry", "content_type": 1, "codename": "change_logentry"}}, {"model": "auth.permission", "pk": 3, "fields": {"name": "Can delete log entry", "content_type": 1, "codename": "delete_logentry"}}, {"model": "auth.permission", "pk": 4, "fields": {"name": "Can view log entry", "content_type": 1, "codename": "view_logentry"}}, {"model": "auth.permission", "pk": 5, "fields": {"name": "Can add permission", "content_type": 2, "codename": "add_permission"}}, {"model": "auth.permission", "pk": 6, "fields": {"name": "Can change permission", "content_type": 2, "codename": "change_permission"}}, {"model": "auth.permission", "pk": 7, "fields": {"name": "Can delete permission", "content_type": 2, "codename": "delete_permission"}}, {"model": "auth.permission", "pk": 8, "fields": {"name": "Can view permission", "content_type": 2, "codename": "view_permission"}}, {"model": "auth.permission", "pk": 9, "fields": {"name": "Can add group", "content_type": 3, "codename": "add_group"}}, {"model": "auth.permission", "pk": 10, "fields": {"name": "Can change group", "content_type": 3, "codename": "change_group"}}, {"model": "auth.permission", "pk": 11, "fields": {"name": "Can delete group", "content_type": 3, "codename": "delete_group"}}, {"model": "auth.permission", "pk": 12, "fields": {"name": "Can view group", "content_type": 3, "codename": "view_group"}}, {"model": "auth.permission", "pk": 13, "fields": {"name": "Can add content type", "content_type": 4, "codename": "add_contenttype"}}, {"model": "auth.permission", "pk": 14, "fields": {"name": "Can change content type", "content_type": 4, "codename": "change_contenttype"}}, {"model": "auth.permission", "pk": 15, "fields": {"name": "Can delete content type", "content_type": 4, "codename": "delete_contenttype"}}, {"model": "auth.permission", "pk": 16, "fields": {"name": "Can view content type", "content_type": 4, "codename": "view_contenttype"}}, {"model": "auth.permission", "pk": 17, "fields": {"name": "Can add session", "content_type": 5, "codename": "add_session"}}, {"model": "auth.permission", "pk": 18, "fields": {"name": "Can change session", "content_type": 5, "codename": "change_session"}}, {"model": "auth.permission", "pk": 19, "fields": {"name": "Can delete session", "content_type": 5, "codename": "delete_session"}}, {"model": "auth.permission", "pk": 20, "fields": {"name": "Can view session", "content_type": 5, "codename": "view_session"}}, {"model": "auth.permission", "pk": 21, "fields": {"name": "Can add user", "content_type": 6, "codename": "add_user"}}, {"model": "auth.permission", "pk": 22, "fields": {"name": "Can change user", "content_type": 6, "codename": "change_user"}}, {"model": "auth.permission", "pk": 23, "fields": {"name": "Can delete user", "content_type": 6, "codename": "delete_user"}}, {"model": "auth.permission", "pk": 24, "fields": {"name": "Can view user", "content_type": 6, "codename": "view_user"}}, {"model": "auth.permission", "pk": 25, "fields": {"name": "Can add user profile", "content_type": 7, "codename": "add_userprofile"}}, {"model": "auth.permission", "pk": 26, "fields": {"name": "Can change user profile", "content_type": 7, "codename": "change_userprofile"}}, {"model": "auth.permission", "pk": 27, "fields": {"name": "Can delete user profile", "content_type": 7, "codename": "delete_userprofile"}}, {"model": "auth.permission", "pk": 28, "fields": {"name": "Can view user profile", "content_type": 7, "codename": "view_userprofile"}}, {"model": "auth.permission", "pk": 29, "fields": {"name": "Can add vendor", "content_type": 8, "codename": "add_vendor"}}, {"model": "auth.permission", "pk": 30, "fields": {"name": "Can change vendor", "content_type": 8, "codename": "change_vendor"}}, {"model": "auth.permission", "pk": 31, "fields": {"name": "Can delete vendor", "content_type": 8, "codename": "delete_vendor"}}, {"model": "auth.permission", "pk": 32, "fields": {"name": "Can view vendor", "content_type": 8, "codename": "view_vendor"}}, {"model": "auth.permission", "pk": 33, "fields": {"name": "Can add opening hour", "content_type": 9, "codename": "add_openinghour"}}, {"model": "auth.permission", "pk": 34, "fields": {"name": "Can change opening hour", "content_type": 9, "codename": "change_openinghour"}}, {"model": "auth.permission", "pk": 35, "fields": {"name": "Can delete opening hour", "content_type": 9, "codename": "delete_openinghour"}}, {"model": "auth.permission", "pk": 36, "fields": {"name": "Can view opening hour", "content_type": 9, "codename": "view_openinghour"}}, {"model": "auth.permission", "pk": 37, "fields": {"name": "Can add category", "content_type": 10, "codename": "add_category"}}, {"model": "auth.permission", "pk": 38, "fields": {"name": "Can change category", "content_type": 10, "codename": "change_category"}}, {"model": "auth.permission", "pk": 39, "fields": {"name": "Can delete category", "content_type": 10, "codename": "delete_category"}}, {"model": "auth.permission", "pk": 40, "fields": {"name": "Can view category", "content_type": 10, "codename": "view_category"}}, {"model": "auth.permission", "pk": 41, "fields": {"name": "Can add food item", "content_type": 11, "codename": "add_fooditem"}}, {"model": "auth.permission", "pk": 42, "fields": {"name": "Can change food item", "content_type": 11, "codename": "change_fooditem"}}, {"model": "auth.permission", "pk": 43, "fields": {"name": "Can delete food item", "content_type": 11, "codename": "delete_fooditem"}}, {"model": "auth.permission", "pk": 44, "fields": {"name": "Can view food item", "content_type": 11, "codename": "view_fooditem"}}, {"model": "auth.permission", "pk": 45, "fields": {"name": "Can add cart", "content_type": 12, "codename": "add_cart"}}, {"model": "auth.permission", "pk": 46, "fields": {"name": "Can change cart", "content_type": 12, "codename": "change_cart"}}, {"model": "auth.permission", "pk": 47, "fields": {"name": "Can delete cart", "content_type": 12, "codename": "delete_cart"}}, {"model": "auth.permission", "pk": 48, "fields": {"name": "Can view cart", "content_type": 12, "codename": "view_cart"}}, {"model": "auth.permission", "pk": 49, "fields": {"name": "Can add tax", "content_type": 13, "codename": "add_tax"}}, {"model": "auth.permission", "pk": 50, "fields": {"name": "Can change tax", "content_type": 13, "codename": "change_tax"}}, {"model": "auth.permission", "pk": 51, "fields": {"name": "Can delete tax", "content_type": 13, "codename": "delete_tax"}}, {"model": "auth.permission", "pk": 52, "fields": {"name": "Can view tax", "content_type": 13, "codename": "view_tax"}}, {"model": "auth.permission", "pk": 53, "fields": {"name": "Can add order", "content_type": 14, "codename": "add_order"}}, {"model": "auth.permission", "pk": 54, "fields": {"name": "Can change order", "content_type": 14, "codename": "change_order"}}, {"model": "auth.permission", "pk": 55, "fields": {"name": "Can delete order", "content_type": 14, "codename": "delete_order"}}, {"model": "auth.permission", "pk": 56, "fields": {"name": "Can view order", "content_type": 14, "codename": "view_order"}}, {"model": "auth.permission", "pk": 57, "fields": {"name": "Can add payment", "content_type": 15, "codename": "add_payment"}}, {"model": "auth.permission", "pk": 58, "fields": {"name": "Can change payment", "content_type": 15, "codename": "change_payment"}}, {"model": "auth.permission", "pk": 59, "fields": {"name": "Can delete payment", "content_type": 15, "codename": "delete_payment"}}, {"model": "auth.permission", "pk": 60, "fields": {"name": "Can view payment", "content_type": 15, "codename": "view_payment"}}, {"model": "auth.permission", "pk": 61, "fields": {"name": "Can add ordered food", "content_type": 16, "codename": "add_orderedfood"}}, {"model": "auth.permission", "pk": 62, "fields": {"name": "Can change ordered food", "content_type": 16, "codename": "change_orderedfood"}}, {"model": "auth.permission", "pk": 63, "fields": {"name": "Can delete ordered food", "content_type": 16, "codename": "delete_orderedfood"}}, {"model": "auth.permission", "pk": 64, "fields": {"name": "Can view ordered food", "content_type": 16, "codename": "view_orderedfood"}}, {"model": "auth.permission", "pk": 65, "fields": {"name": "Can add like post", "content_type": 17, "codename": "add_likepost"}}, {"model": "auth.permission", "pk": 66, "fields": {"name": "Can change like post", "content_type": 17, "codename": "change_likepost"}}, {"model": "auth.permission", "pk": 67, "fields": {"name": "Can delete like post", "content_type": 17, "codename": "delete_likepost"}}, {"model": "auth.permission", "pk": 68, "fields": {"name": "Can view like post", "content_type": 17, "codename": "view_likepost"}}, {"model": "auth.permission", "pk": 69, "fields": {"name": "Can add like post", "content_type": 18, "codename": "add_likepost"}}, {"model": "auth.permission", "pk": 70, "fields": {"name": "Can change like post", "content_type": 18, "codename": "change_likepost"}}, {"model": "auth.permission", "pk": 71, "fields": {"name": "Can delete like post", "content_type": 18, "codename": "delete_likepost"}}, {"model": "auth.permission", "pk": 72, "fields": {"name": "Can view like post", "content_type": 18, "codename": "view_likepost"}}, {"model": "auth.permission", "pk": 73, "fields": {"name": "Can add like", "content_type": 19, "codename": "add_like"}}, {"model": "auth.permission", "pk": 74, "fields": {"name": "Can change like", "content_type": 19, "codename": "change_like"}}, {"model": "auth.permission", "pk": 75, "fields": {"name": "Can delete like", "content_type": 19, "codename": "delete_like"}}, {"model": "auth.permission", "pk": 76, "fields": {"name": "Can view like", "content_type": 19, "codename": "view_like"}}, {"model": "auth.permission", "pk": 77, "fields": {"name": "Can add refund", "content_type": 20, "codename": "add_refund"}}, {"model": "auth.permission", "pk": 78, "fields": {"name": "Can change refund", "content_type": 20, "codename": "change_refund"}}, {"model": "auth.permission", "pk": 79, "fields": {"name": "Can delete refund", "content_type": 20, "codename": "delete_refund"}}, {"model": "auth.permission", "pk": 80, "fields": {"name": "Can view refund", "content_type": 20, "codename": "view_refund"}}, {"model": "contenttypes.contenttype", "pk": 1, "fields": {"app_label": "admin", "model": "logentry"}}, {"model": "contenttypes.contenttype", "pk": 2, "fields": {"app_label": "auth", "model": "permission"}}, {"model": "contenttypes.contenttype", "pk": 3, "fields": {"app_label": "auth", "model": "group"}}, {"model": "contenttypes.contenttype", "pk": 4, "fields": {"app_label": "contenttypes", "model": "contenttype"}}, {"model": "contenttypes.contenttype", "pk": 5, "fields": {"app_label": "sessions", "model": "session"}}, {"model": "contenttypes.contenttype", "pk": 6, "fields": {"app_label": "accounts", "model": "user"}}, {"model": "contenttypes.contenttype", "pk": 7, "fields": {"app_label": "accounts", "model": "userprofile"}}, {"model": "contenttypes.contenttype", "pk": 8, "fields": {"app_label": "vendor", "model": "vendor"}}, {"model": "contenttypes.contenttype", "pk": 9, "fields": {"app_label": "vendor", "model": "openinghour"}}, {"model": "contenttypes.contenttype", "pk": 10, "fields": {"app_label": "menu", "model": "category"}}, {"model": "contenttypes.contenttype", "pk": 11, "fields": {"app_label": "menu", "model": "fooditem"}}, {"model": "contenttypes.contenttype", "pk": 12, "fields": {"app_label": "marketplace", "model": "cart"}}, {"model": "contenttypes.contenttype", "pk": 13, "fields": {"app_label": "marketplace", "model": "tax"}}, {"model": "contenttypes.contenttype", "pk": 14, "fields": {"app_label": "orders", "model": "order"}}, {"model": "contenttypes.contenttype", "pk": 15, "fields": {"app_label": "orders", "model": "payment"}}, {"model": "contenttypes.contenttype", "pk": 16, "fields": {"app_label": "orders", "model": "orderedfood"}}, {"model": "contenttypes.contenttype", "pk": 17, "fields": {"app_label": "accounts", "model": "likepost"}}, {"model": "contenttypes.contenttype", "pk": 18, "fields": {"app_label": "vendor", "model": "likepost"}}, {"model": "contenttypes.contenttype", "pk": 19, "fields": {"app_label": "vendor", "model": "like"}}, {"model": "contenttypes.contenttype", "pk": 20, "fields": {"app_label": "orders", "model": "refund"}}, {"model": "sessions.session", "pk": "0jgj2onntmcqnt592w71ki5qaoqyhhxr", "fields": {"session_data": ".eJxVjEEOwiAQRe_C2hBgaAGX7j0DmYFBqoYmpV0Z765NutDtf-_9l4i4rTVunZc4ZXEWRpx-N8L04LaDfMd2m2Wa27pMJHdFHrTL65z5eTncv4OKvX5r5YJmsj5TYUioExRtrBqcNQw6eA_oBgZfigrBjuws-cTkx6ABdELx_gDalzeB:1onzml:Dr6kIAkm9IiV8Xp_n1aiIyFj_UNrdZyqblJveIcwYUY", "expire_date": "2022-11-10T10:06:51.592Z"}}, {"model": "sessions.session", "pk": "3iq02h5m7sqzyeqd1w27i2ug4ql4mgu2", "fields": {"session_data": ".eJxVjEEOwiAQRe_C2hBgaAGX7j0DmYFBqoYmpV0Z765NutDtf-_9l4i4rTVunZc4ZXEWRpx-N8L04LaDfMd2m2Wa27pMJHdFHrTL65z5eTncv4OKvX5r5YJmsj5TYUioExRtrBqcNQw6eA_oBgZfigrBjuws-cTkx6ABdELx_gDalzeB:1ol5IE:ZEQizjMoEwrfM9sTlmlOUQ6l_Kr71KdGyXTk6ThnGjo", "expire_date": "2022-11-02T09:23:18.081Z"}}, {"model": "sessions.session", "pk": "50o5fylkfg2id7wdcxx0rus895fzy03d", "fields": {"session_data": "e30:1ol46i:qvUxefDAooHerbDlQtzq4wKN6V465ZuDt6OgFVZ7Zag", "expire_date": "2022-11-02T08:07:20.575Z"}}, {"model": "sessions.session", "pk": "bh81beauu57phoq0wt662hc29j22cy8k", "fields": {"session_data": ".eJxVjEEOwiAQRe_C2hAGpCMu3XsGMjOAVA1NSrsy3l2bdKHb_977LxVpXWpce57jmNRZOXX43ZjkkdsG0p3abdIytWUeWW-K3mnX1ynl52V3_w4q9fqtgz8NiN55tMeClsVYKECCXgDYmJwlBGsLIkhwyRGUgTNyIHCJ2an3B765N50:1ol1Jz:7Te80U1Zn60QT73M1_idgeafAo1bx-sDyESZ_-pvb3U", "expire_date": "2022-11-02T05:08:51.516Z"}}, {"model": "sessions.session", "pk": "cdo4g4jvysl8dd6mc3ppiauqprv0qrjy", "fields": {"session_data": ".eJxVjLkOwyAQRP-FOkKwi4FNmd7fYHGsj8TCko8qyr_HSC6ScmbevLfowrGP3bHx2k1Z3IURt98uhvTiUof8DGVYZFrKvk5RVkRe6ybbJfP8uNg_wRi2sb7RGUfOsSV0SXMGm3oI0doIHJucdCLHqAgVGuopA7AGUEoRke_plM5hP0VaSzC-xjKc0TXSI3pPjfh8AbEKPtE:1oqyma:vWFzJlCmxByWYx5NN4qmpSjU5wQIkjyB95wbCn38laY", "expire_date": "2022-11-18T15:39:00.419Z"}}, {"model": "sessions.session", "pk": "clspdd8p7dj58v4aktd42kxk1kmq3e5y", "fields": {"session_data": ".eJxVjEEOwiAQRe_C2hBgaAGX7j0DmYFBqoYmpV0Z765NutDtf-_9l4i4rTVunZc4ZXEWRpx-N8L04LaDfMd2m2Wa27pMJHdFHrTL65z5eTncv4OKvX5r5YJmsj5TYUioExRtrBqcNQw6eA_oBgZfigrBjuws-cTkx6ABdELx_gDalzeB:1onJCa:gR0hcwNcc2QflD2tqLI3GlelxWIqKkgQjSjv7EVVlxM", "expire_date": "2022-11-08T12:38:40.543Z"}}, {"model": "sessions.session", "pk": "dhk4w1vcb9kwxq8enkhvxiscg2cdttpv", "fields": {"session_data": ".eJxVjEEOwiAQRe_C2hBgaAGX7j0DmYFBqoYmpV0Z765NutDtf-_9l4i4rTVunZc4ZXEWRpx-N8L04LaDfMd2m2Wa27pMJHdFHrTL65z5eTncv4OKvX5r5YJmsj5TYUioExRtrBqcNQw6eA_oBgZfigrBjuws-cTkx6ABdELx_gDalzeB:1ol4N7:IH9V614I9U9RiOin4WAqnFrEfqrhYkEbjdLTs8F164g", "expire_date": "2022-11-02T08:24:17.374Z"}}, {"model": "sessions.session", "pk": "kexd1raypinn77xbjx2fn311d1hm8cxi", "fields": {"session_data": ".eJxVjEEOwiAQRe_C2hBgaAGX7j0DmYFBqoYmpV0Z765NutDtf-_9l4i4rTVunZc4ZXEWRpx-N8L04LaDfMd2m2Wa27pMJHdFHrTL65z5eTncv4OKvX5r5YJmsj5TYUioExRtrBqcNQw6eA_oBgZfigrBjuws-cTkx6ABdELx_gDalzeB:1ol2wi:XFk_yu_ABhK1cGz2NyMbJ2zyG_zjesjHxSvJ-kTFtOw", "expire_date": "2022-11-02T06:52:56.378Z"}}, {"model": "sessions.session", "pk": "ofhpucq1qsdxqokgm7r86ggla48968kz", "fields": {"session_data": ".eJxVjEEOwiAQRe_C2hBgaAGX7j0DmYFBqoYmpV0Z765NutDtf-_9l4i4rTVunZc4ZXEWRpx-N8L04LaDfMd2m2Wa27pMJHdFHrTL65z5eTncv4OKvX5r5YJmsj5TYUioExRtrBqcNQw6eA_oBgZfigrBjuws-cTkx6ABdELx_gDalzeB:1onB3r:9HCabaM5g4DvnY_PZy32P68zY6Y6NSJRcASMPoeXQSI", "expire_date": "2022-11-08T03:57:07.975Z"}}, {"model": "sessions.session", "pk": "p8rteq5wf6daotu1ztqvy0a5n83qrub5", "fields": {"session_data": ".eJxVjEEOwiAQRe_C2hAGOgVcuvcMhGFAqoYmpV0Z765NutDtf-_9lwhxW2vYel7CxOIsBnH63SimR2474Htst1mmua3LRHJX5EG7vM6cn5fD_TuosddvjcRDIesS5wKjUwo8MjFqtEYDJwDMNnpi8EDeGuvLmNAk5bQ3pEi8P-svN6c:1okoTY:X-njEtQq92FY0yJyUWwajiuJQVk8qFuCVBQGp_o6K2I", "expire_date": "2022-11-01T15:25:52.989Z"}}, {"model": "sessions.session", "pk": "ribw6ueoet9e893m0g7i1xc1lm4x3wsz", "fields": {"session_data": "e30:1ol5cM:Z4gbMfy6bhl4hnyMqGEE24L5P7_ubB6v12S8P6RBlrk", "expire_date": "2022-11-02T09:44:06.040Z"}}, {"model": "sessions.session", "pk": "x0hk0saikne2geqkjcn1zks3m1f67ifa", "fields": {"session_data": ".eJxVjDsOwzAMQ-_iuTBkx1bijt17hkC2lE8bOEA-U9G71ymyBJxIPvKjJtrUXRnQYDGom5pyX3yN2lZYbEv7NrT7Kks78h-8hpHSW_LR8ItyP-s0520Zoz4Qfbarfs4s0-NkLwcDrUNZe9eAi1wjmCY5wxBSB03sBCyQE_SxiJB98J44QCWhFpMSe4uVSFTfHyCOPx8:1okM2M:oKm8mCZNd7E2XezcvkY5uUZukuQPc1RNfWLguRNSCTM", "expire_date": "2022-10-31T09:03:54.384Z"}}, {"model": "sessions.session", "pk": "xzsybcyd8s0zjcwj3yo5og4sb5nli1v0", "fields": {"session_data": ".eJxVjEEOwiAQRe_C2hAGOgVcuvcMhGFAqoYmpV0Z765NutDtf-_9lwhxW2vYel7CxOIsBnH63SimR2474Htst1mmua3LRHJX5EG7vM6cn5fD_TuosddvjcRDIesS5wKjUwo8MjFqtEYDJwDMNnpi8EDeGuvLmNAk5bQ3pEi8P-svN6c:1ok6rM:p446dS1Vr_lCaLyMhzN_YJ1Vp1rV-UuWoZxngli_DKo", "expire_date": "2022-10-30T16:51:32.444Z"}}, {"model": "accounts.user", "pk": 2, "fields": {"password": "pbkdf2_sha256$390000$PSd3ZiZWIK9vozNTYYUZKu$HzNF7FLLhDI328YGZ7bgrsJgFV6gW6pkqQ2uSHzYTes=", "first_name": "tp", "last_name": "arjun", "username": "admin", "email": "admin@gmail.com", "phone_number": "", "role": null, "date_joined": "2022-10-16T16:06:47.368Z", "last_login": "2022-11-05T06:13:20.068Z", "created_date": "2022-10-16T16:06:47.368Z", "modified_date": "2022-10-19T16:00:05.084Z", "is_admin": true, "is_staff": true, "is_active": true, "is_superadmin": true}}, {"model": "accounts.user", "pk": 3, "fields": {"password": "pbkdf2_sha256$390000$LzbwoZrCvPN8WibQPvzRB4$uMYGs95T63DqOQqrXfEUQqpNxocfef1RLBtHWZS7Evo=", "first_name": "arjun", "last_name": "l", "username": "Paragon Complex", "email": "helpa077637@gmail.com", "phone_number": "", "role": 1, "date_joined": "2022-10-16T16:08:02.551Z", "last_login": "2022-10-30T11:55:26.635Z", "created_date": "2022-10-16T16:08:02.551Z", "modified_date": "2022-11-02T08:33:12.272Z", "is_admin": false, "is_staff": false, "is_active": true, "is_superadmin": false}}, {"model": "accounts.user", "pk": 4, "fields": {"password": "pbkdf2_sha256$390000$5ByxYC2ERFPgix27dvzWUz$3FP19iZAQihrK9jpRY+BFayhRwxDMKzsrvoSSH/w2LI=", "first_name": "sreerang", "last_name": "k", "username": "calicut restaurant", "email": "sreerangk77@gmail.com", "phone_number": "", "role": 1, "date_joined": "2022-10-16T16:44:04.514Z", "last_login": "2022-11-04T15:31:45.445Z", "created_date": "2022-10-16T16:44:04.514Z", "modified_date": "2022-11-02T08:36:22.263Z", "is_admin": false, "is_staff": false, "is_active": true, "is_superadmin": false}}, {"model": "accounts.user", "pk": 5, "fields": {"password": "pbkdf2_sha256$390000$Kic9vvmiuIyttnYq3T0bcz$FLiyGDmMD5eSlkOI/P19WWc6HmRT7BimmGgI3bKAYrI=", "first_name": "BAASI", "last_name": "stud", "username": "basi", "email": "muhamma@gmail.com", "phone_number": "1234567", "role": 2, "date_joined": "2022-10-17T04:03:11.657Z", "last_login": "2022-11-04T06:44:18.147Z", "created_date": "2022-10-17T04:03:11.657Z", "modified_date": "2022-11-02T11:23:50.144Z", "is_admin": false, "is_staff": false, "is_active": true, "is_superadmin": false}}, {"model": "accounts.user", "pk": 11, "fields": {"password": "pbkdf2_sha256$390000$5xUkvlYTY7X7bckUBuAFke$SjFzFQwSQa9tZOtDZp9jecs+21FPKX4emiv/GzKlOQc=", "first_name": "shareef", "last_name": "g", "username": "shareef", "email": "shareef@gmail.com", "phone_number": "", "role": 1, "date_joined": "2022-10-21T15:11:54.943Z", "last_login": "2022-10-23T12:26:13.631Z", "created_date": "2022-10-21T15:11:54.943Z", "modified_date": "2022-10-21T15:15:44.221Z", "is_admin": false, "is_staff": false, "is_active": true, "is_superadmin": false}}, {"model": "accounts.user", "pk": 12, "fields": {"password": "pbkdf2_sha256$390000$QjR10DXcXGE9ucZnNdFas3$DeJG6dgungHR7H2B8HYTgKGTRG1/c0q5gn4Z/MKa6hQ=", "first_name": "sahad", "last_name": "j", "username": "muhammadh sahad", "email": "muhammedsahadkm28480@gmail.com", "phone_number": "12344321", "role": 2, "date_joined": "2022-10-22T04:10:24.472Z", "last_login": "2022-10-25T06:05:32.572Z", "created_date": "2022-10-22T04:10:24.472Z", "modified_date": "2022-10-24T14:49:38.608Z", "is_admin": false, "is_staff": false, "is_active": true, "is_superadmin": false}}, {"model": "accounts.user", "pk": 13, "fields": {"password": "pbkdf2_sha256$390000$QqYQY9Dr2Pvhj4HbzGXgMh$FO8WbXdplsRuUH7xrYNvrXicRKXnf75B7N1dmHPoLF0=", "first_name": "qqq", "last_name": "j", "username": "ABCD Restaurant", "email": "abcd@gmail.com", "phone_number": "", "role": 1, "date_joined": "2022-10-23T11:55:50.702Z", "last_login": "2022-10-25T06:04:51.195Z", "created_date": "2022-10-23T11:55:50.702Z", "modified_date": "2022-10-23T11:56:32.034Z", "is_admin": false, "is_staff": false, "is_active": true, "is_superadmin": false}}, {"model": "accounts.user", "pk": 14, "fields": {"password": "pbkdf2_sha256$390000$TJqGe1oIOE3lUWNpQkp9Wa$XdAeWGbZ1J8nk6Q1z7QqLul7qnWxeO3ljkUFZ+QM6ME=", "first_name": "arun", "last_name": "d", "username": "qwe", "email": "abdcd@gmail.com", "phone_number": "", "role": 1, "date_joined": "2022-10-23T12:06:46.931Z", "last_login": "2022-10-23T12:09:33.561Z", "created_date": "2022-10-23T12:06:46.931Z", "modified_date": "2022-10-23T12:07:03.018Z", "is_admin": false, "is_staff": false, "is_active": true, "is_superadmin": false}}, {"model": "accounts.userprofile", "pk": 2, "fields": {"user": 2, "profile_picture": "", "cover_photo": "", "address": null, "country": null, "state": null, "city": null, "pin_code": null, "latitude": null, "longitude": null, "location": null, "created_at": "2022-10-16T16:06:47.384Z", "modified_at": "2022-11-05T06:13:20.218Z"}}, {"model": "accounts.userprofile", "pk": 3, "fields": {"user": 3, "profile_picture": "users/profile_pictures/download_11.jpg", "cover_photo": "users/cover_photos/images_6_vAPqKCm.jpg", "address": "HiLITE Mall, Kozhikode Bypass, Poovangal, Kozhikode, Kerala, India", "country": "India", "state": "Kerala", "city": "Kozhikode", "pin_code": "673014", "latitude": "11.248533", "longitude": "75.8335855", "location": "SRID=4326;POINT (75.8335855 11.248533)", "created_at": "2022-10-16T16:08:02.551Z", "modified_at": "2022-11-02T08:33:12.293Z"}}, {"model": "accounts.userprofile", "pk": 4, "fields": {"user": 4, "profile_picture": "users/profile_pictures/download_10_1mqfpIm.jpg", "cover_photo": "users/cover_photos/images_4_UIWRlSm.jpg", "address": "HiLITE Business Park, Poovangal, Pantheeramkavu, Kerala, India", "country": "India", "state": "Kerala", "city": "Pantheeramkavu", "pin_code": "673014", "latitude": "11.2477892", "longitude": "75.8340558", "location": "SRID=4326;POINT (75.8340558 11.2477892)", "created_at": "2022-10-16T16:44:04.519Z", "modified_at": "2022-11-04T15:45:02.614Z"}}, {"model": "accounts.userprofile", "pk": 5, "fields": {"user": 5, "profile_picture": "users/profile_pictures/logo_2_hKvO8M7.png", "cover_photo": "users/cover_photos/download_12_qVyDXWz.jpg", "address": "Calicut International Airport, Calicut Airport Road, Karipur, Kerala, India", "country": "India", "state": "Kerala", "city": "Karipur", "pin_code": "673647", "latitude": "9.9816358", "longitude": "76.2998842", "location": "SRID=4326;POINT (76.2998842 9.9816358)", "created_at": "2022-10-17T04:03:11.939Z", "modified_at": "2022-11-04T06:44:18.162Z"}}, {"model": "accounts.userprofile", "pk": 11, "fields": {"user": 11, "profile_picture": "users/profile_pictures/download_12_oRCQQgd.jpg", "cover_photo": "users/cover_photos/images_5.jpg", "address": "Ernakulam Town Railway Station(North), Ernakulam North, Ayyappankavu, Ernakulam, Kerala, India", "country": "India", "state": "Kerala", "city": "Ernakulam", "pin_code": "682018", "latitude": "9.9916854", "longitude": "76.2863199", "location": "SRID=4326;POINT (76.2863199 9.9916854)", "created_at": "2022-10-21T15:11:55.172Z", "modified_at": "2022-10-23T12:28:09.855Z"}}, {"model": "accounts.userprofile", "pk": 12, "fields": {"user": 12, "profile_picture": "users/profile_pictures/logo_2.png", "cover_photo": "users/cover_photos/6-Direct-Sales.jpg", "address": "Cantonment Railway Station Road, Sulthangunta, Shivaji Nagar, Bengaluru, Karnataka, India", "country": "India", "state": "Karnataka", "city": "Bengaluru", "pin_code": "560051", "latitude": "12.9918399", "longitude": "77.6016474", "location": "SRID=4326;POINT (77.6016474 12.9918399)", "created_at": "2022-10-22T04:10:24.618Z", "modified_at": "2022-10-25T06:05:32.584Z"}}, {"model": "accounts.userprofile", "pk": 13, "fields": {"user": 13, "profile_picture": "users/profile_pictures/logo_2_aDQWejJ.png", "cover_photo": "users/cover_photos/download_10_leIzomu.jpg", "address": "Calicut Railway Main Building, Palayam, Kozhikode, Kerala, India", "country": "India", "state": "Kerala", "city": "Kozhikode", "pin_code": "673001", "latitude": "11.2459053", "longitude": "75.78048", "location": "SRID=4326;POINT (75.78048 11.2459053)", "created_at": "2022-10-23T11:55:50.841Z", "modified_at": "2022-10-25T06:04:51.248Z"}}, {"model": "accounts.userprofile", "pk": 14, "fields": {"user": 14, "profile_picture": "users/profile_pictures/download_9.jpg", "cover_photo": "users/cover_photos/images_1.jpg", "address": "Calicut International Airport, Calicut Airport Road, Karipur, Kerala, India", "country": "India", "state": "Kerala", "city": "Karipur", "pin_code": "673647", "latitude": "11.140534", "longitude": "75.94884859999999", "location": "SRID=4326;POINT (75.94884859999999 11.140534)", "created_at": "2022-10-23T12:06:46.970Z", "modified_at": "2022-10-23T12:10:17.553Z"}}, {"model": "accounts.userprofile", "pk": 15, "fields": {"user": null, "profile_picture": "", "cover_photo": "", "address": null, "country": null, "state": null, "city": null, "pin_code": null, "latitude": null, "longitude": null, "location": null, "created_at": "2022-10-24T10:29:19.689Z", "modified_at": "2022-10-24T10:29:19.925Z"}}, {"model": "accounts.userprofile", "pk": 16, "fields": {"user": null, "profile_picture": "", "cover_photo": "", "address": null, "country": null, "state": null, "city": null, "pin_code": null, "latitude": null, "longitude": null, "location": null, "created_at": "2022-10-24T10:29:22.188Z", "modified_at": "2022-10-24T10:29:22.196Z"}}, {"model": "vendor.vendor", "pk": 1, "fields": {"user": 3, "user_profile": 3, "vendor_name": "Paragon Complex", "vendor_slug": "paragon-complex-3", "vendor_license": "vendor/license/images_4.jpg", "is_approved": true, "created_at": "2022-10-16T16:08:02.591Z", "modified_at": "2022-11-02T08:34:07.041Z"}}, {"model": "vendor.vendor", "pk": 2, "fields": {"user": 4, "user_profile": 4, "vendor_name": "calicut restaurant", "vendor_slug": "calicut-restaurant-4", "vendor_license": "vendor/license/download_14.jpg", "is_approved": true, "created_at": "2022-10-16T16:44:04.554Z", "modified_at": "2022-11-04T15:45:02.679Z"}}, {"model": "vendor.vendor", "pk": 5, "fields": {"user": 11, "user_profile": 11, "vendor_name": "Eranakulam restaurant", "vendor_slug": "eranakulam-restaurant-11", "vendor_license": "vendor/license/chicken_biriyani.jpg", "is_approved": true, "created_at": "2022-10-21T15:11:55.558Z", "modified_at": "2022-10-23T12:28:09.863Z"}}, {"model": "vendor.vendor", "pk": 6, "fields": {"user": 13, "user_profile": 13, "vendor_name": "ABCD Restaurant", "vendor_slug": "abcd-restaurant-13", "vendor_license": "vendor/license/logo_2.png", "is_approved": true, "created_at": "2022-10-23T11:55:51.253Z", "modified_at": "2022-10-23T11:58:44.152Z"}}, {"model": "vendor.vendor", "pk": 7, "fields": {"user": 14, "user_profile": 14, "vendor_name": "kannur restaurant", "vendor_slug": "kannur-restaurant-14", "vendor_license": "vendor/license/pexels-ella-olsson-1640777.jpg", "is_approved": true, "created_at": "2022-10-23T12:06:47.006Z", "modified_at": "2022-11-01T05:39:01.150Z"}}, {"model": "vendor.openinghour", "pk": 6, "fields": {"vendor": 1, "day": 3, "from_hour": "12:00 AM", "to_hour": "11:30 PM", "is_closed": false}}, {"model": "vendor.openinghour", "pk": 8, "fields": {"vendor": 6, "day": 1, "from_hour": "12:00 AM", "to_hour": "11:30 PM", "is_closed": false}}, {"model": "vendor.openinghour", "pk": 9, "fields": {"vendor": 6, "day": 2, "from_hour": "12:00 AM", "to_hour": "11:30 PM", "is_closed": false}}, {"model": "vendor.openinghour", "pk": 10, "fields": {"vendor": 6, "day": 3, "from_hour": "12:00 AM", "to_hour": "11:30 PM", "is_closed": false}}, {"model": "vendor.openinghour", "pk": 11, "fields": {"vendor": 6, "day": 4, "from_hour": "12:00 AM", "to_hour": "11:30 PM", "is_closed": false}}, {"model": "vendor.openinghour", "pk": 12, "fields": {"vendor": 6, "day": 5, "from_hour": "12:00 AM", "to_hour": "11:30 PM", "is_closed": false}}, {"model": "vendor.openinghour", "pk": 13, "fields": {"vendor": 6, "day": 6, "from_hour": "12:00 AM", "to_hour": "11:30 PM", "is_closed": false}}, {"model": "vendor.openinghour", "pk": 14, "fields": {"vendor": 6, "day": 7, "from_hour": "12:00 AM", "to_hour": "11:30 PM", "is_closed": false}}, {"model": "vendor.openinghour", "pk": 15, "fields": {"vendor": 5, "day": 1, "from_hour": "02:00 AM", "to_hour": "05:30 AM", "is_closed": false}}, {"model": "vendor.openinghour", "pk": 16, "fields": {"vendor": 7, "day": 1, "from_hour": "12:00 AM", "to_hour": "11:00 PM", "is_closed": false}}, {"model": "vendor.openinghour", "pk": 17, "fields": {"vendor": 7, "day": 2, "from_hour": "12:00 AM", "to_hour": "11:30 PM", "is_closed": false}}, {"model": "vendor.openinghour", "pk": 18, "fields": {"vendor": 7, "day": 3, "from_hour": "12:00 AM", "to_hour": "11:30 PM", "is_closed": false}}, {"model": "vendor.openinghour", "pk": 19, "fields": {"vendor": 7, "day": 4, "from_hour": "12:00 AM", "to_hour": "11:30 PM", "is_closed": false}}, {"model": "vendor.openinghour", "pk": 20, "fields": {"vendor": 7, "day": 5, "from_hour": "12:00 AM", "to_hour": "11:30 PM", "is_closed": false}}, {"model": "vendor.openinghour", "pk": 21, "fields": {"vendor": 7, "day": 6, "from_hour": "12:00 AM", "to_hour": "11:30 PM", "is_closed": false}}, {"model": "vendor.openinghour", "pk": 22, "fields": {"vendor": 7, "day": 7, "from_hour": "12:00 AM", "to_hour": "11:30 PM", "is_closed": true}}, {"model": "vendor.openinghour", "pk": 23, "fields": {"vendor": 2, "day": 4, "from_hour": "12:00 AM", "to_hour": "11:30 PM", "is_closed": false}}, {"model": "vendor.openinghour", "pk": 25, "fields": {"vendor": 2, "day": 4, "from_hour": "12:00 AM", "to_hour": "11:00 PM", "is_closed": false}}, {"model": "vendor.openinghour", "pk": 27, "fields": {"vendor": 2, "day": 7, "from_hour": "12:30 AM", "to_hour": "11:30 PM", "is_closed": false}}, {"model": "vendor.openinghour", "pk": 28, "fields": {"vendor": 2, "day": 3, "from_hour": "12:00 AM", "to_hour": "11:30 PM", "is_closed": false}}, {"model": "vendor.openinghour", "pk": 29, "fields": {"vendor": 2, "day": 3, "from_hour": "05:30 AM", "to_hour": "06:30 AM", "is_closed": true}}, {"model": "menu.category", "pk": 1, "fields": {"vendor": 2, "category_name": "Burger", "slug": "burger-1", "description": "special burger ....", "created_at": "2022-10-16T16:53:02.753Z", "updated_at": "2022-10-16T16:53:02.776Z"}}, {"model": "menu.category", "pk": 3, "fields": {"vendor": 1, "category_name": "Biriyani", "slug": "biriyani-3", "description": "type of thalasheri biriyani", "created_at": "2022-10-17T08:34:36.861Z", "updated_at": "2022-10-17T08:34:36.864Z"}}, {"model": "menu.category", "pk": 5, "fields": {"vendor": 5, "category_name": "Chiken manthi", "slug": "chiken-manthi-5", "description": "arabic chiken manthi", "created_at": "2022-10-21T15:16:42.787Z", "updated_at": "2022-10-21T15:16:42.869Z"}}, {"model": "menu.category", "pk": 7, "fields": {"vendor": 6, "category_name": "Alfam", "slug": "alfam-7", "description": "Arabian barbecued chicken usually grilled over coal or in oven\r\nAlthough this dish originated", "created_at": "2022-10-23T11:59:51.327Z", "updated_at": "2022-10-23T16:17:14.051Z"}}, {"model": "menu.category", "pk": 8, "fields": {"vendor": 5, "category_name": "Biriyani", "slug": "biriyani", "description": "Biryani is a mixed rice dish originating among the Muslims of the Indian subcontinent.s", "created_at": "2022-10-23T12:04:16.114Z", "updated_at": "2022-10-23T12:26:32.250Z"}}, {"model": "menu.category", "pk": 9, "fields": {"vendor": 7, "category_name": "Burgers", "slug": "burgers-9", "description": "A hamburger, or simply burger, is a food consisting of fillingsusually a patty of ground meat, typically beefplaced inside a sliced bun or bread roll.", "created_at": "2022-10-23T12:10:43.109Z", "updated_at": "2022-10-23T12:10:43.134Z"}}, {"model": "menu.fooditem", "pk": 1, "fields": {"vendor": 2, "category": 1, "food_title": "spicy burger", "slug": "spicy-burger", "description": "only limited burgers avilable", "price": "10.00", "image": "foodimages/images_1_RYHfk1g.jpg", "is_available": true, "created_at": "2022-10-16T16:54:07.952Z", "updated_at": "2022-10-16T16:54:07.952Z"}}, {"model": "menu.fooditem", "pk": 4, "fields": {"vendor": 1, "category": 3, "food_title": "veg Biriyani", "slug": "veg-biriyani", "description": "veg biriyani limited stock avilable", "price": "6.00", "image": "foodimages/chicken_biriyani_NlZzQeJ.jpg", "is_available": true, "created_at": "2022-10-17T08:38:57.163Z", "updated_at": "2022-10-17T08:38:57.163Z"}}, {"model": "menu.fooditem", "pk": 6, "fields": {"vendor": 5, "category": 5, "food_title": "alfam manthi", "slug": "alfam-manthi", "description": "limted manthi special price plzzz buy fastly", "price": "1.00", "image": "foodimages/360_F_356713051_kthyEUMZGV9zbev34yOsd5Y5BqHJNAEy_DFeP0Yn.jpg", "is_available": true, "created_at": "2022-10-21T15:18:27.222Z", "updated_at": "2022-10-21T15:18:27.222Z"}}, {"model": "menu.fooditem", "pk": 7, "fields": {"vendor": 6, "category": 7, "food_title": "Arabian Alfarm", "slug": "arabian-alfarm", "description": "Arabian barbecued chicken usually grilled over coal or in oven", "price": "1.00", "image": "foodimages/download_15.jpg", "is_available": true, "created_at": "2022-10-23T12:00:59.148Z", "updated_at": "2022-10-23T16:17:31.492Z"}}, {"model": "menu.fooditem", "pk": 8, "fields": {"vendor": 5, "category": 5, "food_title": "chiken. Biriyani", "slug": "chiken-biriyani", "description": "iryani is a mixed rice dish originating among the Muslims of the Indian subcontinent.", "price": "1.00", "image": "foodimages/mutton-biriyani.jpg", "is_available": true, "created_at": "2022-10-23T12:04:51.150Z", "updated_at": "2022-10-23T16:18:18.596Z"}}, {"model": "menu.fooditem", "pk": 9, "fields": {"vendor": 7, "category": 9, "food_title": "Burger", "slug": "burger", "description": "A hamburger, or simply burger, is a food consisting of fillingsusually a patty of ground meat, typically beefplaced inside a sliced bun or bread roll.", "price": "1.00", "image": "foodimages/download_8.jpg", "is_available": true, "created_at": "2022-10-23T12:11:24.859Z", "updated_at": "2022-10-23T12:11:24.859Z"}}, {"model": "menu.fooditem", "pk": 10, "fields": {"vendor": 5, "category": 8, "food_title": "gee rice", "slug": "gee-rice", "description": "rice, and usually some type of meat or in some cases without any meat", "price": "1.00", "image": "foodimages/download_6.jpg", "is_available": true, "created_at": "2022-10-23T12:27:48.779Z", "updated_at": "2022-10-23T12:27:48.779Z"}}, {"model": "marketplace.cart", "pk": 75, "fields": {"user": 5, "fooditem": 1, "quantity": 1, "created_at": "2022-11-03T08:23:35.865Z", "updated_at": "2022-11-03T08:23:35.865Z"}}, {"model": "marketplace.cart", "pk": 78, "fields": {"user": 4, "fooditem": 7, "quantity": 1, "created_at": "2022-11-03T12:52:42.009Z", "updated_at": "2022-11-03T12:52:47.623Z"}}, {"model": "marketplace.tax", "pk": 1, "fields": {"tax_type": "SGST", "tax_percentage": "9.00", "is_active": true}}, {"model": "marketplace.tax", "pk": 2, "fields": {"tax_type": "CGST", "tax_percentage": "7.00", "is_active": true}}]